Designation,H Mag,Mean Mag,Number of Observations,Arc,Period,Amplitude,g - r,g - i,r - i,Axial Elongation,Reliability,Step11 ambiguous_flag,Step11 family id,Step11 family source,Step11 family bootstrap frac,Step11 strong bootstrap override,Boot harmonic winner flag,Boot harmonic winner flag suppressed,Boot harmonic winner P hr,Step11 global ranking method,Step11 family score role,Additional periods (hr),Additional periods n,Additional periods dBIC,adopt_oe_ratio,adopt_bic_gap_2P,adopt_boot_frac_2P,adopt_boot_frac_base,adopt_morph_force_2p,adopt_prefer_2P,adopt_prefer_2P_reason,adopt_delta_BIC_2P_vs_P,adopt_amp_ratio_2p,adopt_amp_ratio_ok,adopt_combined_ev_2p,adopt_boot_veto_2p,needs_human_review_2p
2025 MA19,18.715742187763208,22.663985365853655,428,9.033777905092592,8.86586381763734,0.8419915186050242,0.43338457712586376,0.49385470235366213,0.06047012522779838,2.1716838788398545,ambiguous,False,STEP8_1,step8,0.8925,False,False,False,,BIC_phys_primary_bootstrap_phys_frac_tiebreaker_global_raw_bic_override_v49,diagnostic_only,4.433,1,0.00,0.17346022143823253,49.78142178202165,0.1625,0.73,True,True,morphology-forced 2P (oe_ratio=0.173 <= 0.2),49.78142178202165,0.804549209542642,False,False,False,False
2025 MA45,20.283300745187585,22.500738095238095,119,12.043866203703704,1.633066603892028,0.5408754844304613,0.41598370862897127,0.6357819827867246,0.21979827415775333,1.6456981986622083,ambiguous,False,STEP8_1,step8,0.9825,True,False,False,,BIC_phys_primary_bootstrap_phys_frac_tiebreaker_global_raw_bic_override_v49,diagnostic_only,0.817,1,25.10,0.258371579966808,0.0,0.915,0.0675,False,True,final post-adoption 2P sanity override,-25.10306174424494,0.9997983378024882,False,True,False,False
2025 MA46,18.577030825147144,23.131196969696973,291,12.043866203703704,5.866385014350144,0.5634980114492172,0.5190264538761866,0.721769481414686,0.20274302753849938,1.6803478884529772,insufficient,True,STEP8_1,step8,0.495,False,False,False,,BIC_phys_primary_bootstrap_phys_frac_tiebreaker_global_raw_bic_override_v49,diagnostic_only,2.611|2.933|5.222,3,4.20|6.30|13.12,0.3699067408974942,0.0,0.25,0.245,False,True,"combined-evidence 2P v54 (dBIC=-6.30, oe_ratio=0.370, amp_ratio=1.020)",-6.303219514963928,1.0197476894030757,False,True,False,False
2025 MC34,19.006321183696283,23.01818115942029,307,12.046838993055555,5.072353260233918,0.8084306517731215,0.5529256356575729,0.8050087188481427,0.2520830831905698,2.105582491688823,ambiguous,True,STEP8_3,step8,0.5525,False,False,False,,BIC_phys_primary_bootstrap_phys_frac_tiebreaker_global_raw_bic_override_v49,diagnostic_only,4.184|10.145,2,6.08|35.65,0.5141288831727061,35.6512145454044,0.0075,0.545,False,False,None,35.6512145454044,0.8608091671562552,False,False,False,False
2025 MD38,18.58303021761492,22.803186813186816,427,12.046303101851851,5.924411361566486,1.2672832281377044,0.4205457422703667,0.5331498849338132,0.11260414266344654,3.2130189816593218,reliable,False,STEP8_1,step8,0.975,True,False,False,,BIC_phys_primary_bootstrap_phys_frac_tiebreaker_global_raw_bic_override_v49,diagnostic_only,,0,,,,,,False,False,None,,,False,False,False,False
2025 MD40,19.70481284883951,23.351962025316453,392,12.048317604166666,4.0045187189844205,0.6938346587947019,0.4016687604079934,0.523072659829765,0.12140389942177165,1.8946712429943031,insufficient,True,STEP8_1,step8,0.5549999999999999,False,False,False,,BIC_phys_primary_bootstrap_phys_frac_tiebreaker_global_raw_bic_override_v49,diagnostic_only,2.185|2.002|4.370|4.811,4,1.25|7.58|16.82|32.98,0.23999341874253152,0.0,0.3525,0.2025,False,True,"combined-evidence 2P v54 (dBIC=-7.58, oe_ratio=0.240, amp_ratio=1.078)",-7.582435266264497,1.0776850918172798,False,True,False,False
2025 MD67,18.797636761397566,22.355639639639637,217,2.128767800925926,6.722424634502925,0.508406639922976,0.5128347527527666,0.7254912146211403,0.21265646186837373,1.5972123366597735,insufficient,True,STEP8_4,step8,0.5825,False,True,False,3.361212317251,BIC_phys_primary_bootstrap_phys_frac_tiebreaker_global_raw_bic_override_v49,diagnostic_only,4.687|3.361,2,18.38|36.41,0.7446287039758126,0.0,0.285,0.2975,False,True,BIC-dominant 2P physical promotion,-36.406260362744945,0.9685715912571242,False,True,False,False
2025 MD76,18.832839090152838,23.021071428571428,391,12.039843796296296,5.50869802811477,0.7284510537080354,0.4720757714539481,0.6561605565649131,0.18408478511096504,1.9560521149596068,ambiguous,False,STEP8_2,step8,0.7175,False,False,False,,BIC_phys_primary_bootstrap_phys_frac_tiebreaker_global_raw_bic_override_v49,diagnostic_only,14.318|11.017,2,29.09|29.75,0.23357411436879105,29.744980756273776,0.065,0.6525,False,False,None,29.744980756273776,0.9219970727015552,False,False,False,False
2025 ME15,20.721966082295964,22.95495302013423,325,12.041342499999999,4.029042357414448,0.9910009618442859,0.6232114286527946,0.762414482882086,0.13920305422929147,2.4911529034536337,reliable,False,STEP8_3,step8,0.89,True,False,False,,BIC_phys_primary_bootstrap_phys_frac_tiebreaker_global_raw_bic_override_v49,diagnostic_only,,0,,0.8217429158950597,,,,False,False,None,,,False,False,False,False
2025 ME24,18.953917513998263,23.323355555555555,367,12.035501898148148,2.9399699293186314,0.3261467972890918,0.5151698199057044,0.7147125036470925,0.19954268374138806,1.350388462996941,insufficient,True,STEP8_1,step8,0.5625,False,False,False,,BIC_phys_primary_bootstrap_phys_frac_tiebreaker_global_raw_bic_override_v49,diagnostic_only,1.470|1.385|2.617|1.566|1.309,5,0.00|1.27|20.31|24.74|28.55,0.417141791909565,0.5913244385587291,0.3075,0.255,False,True,soft intra-family 2P promotion,0.5913244385587291,0.9757163721479738,False,False,False,True
2025 ME68,22.06462076005847,23.510643678160918,191,12.041342499999999,0.9472566621141764,0.6042246457820432,0.5483233290524012,0.7899646960665656,0.2416413670141644,1.7445758581514061,ambiguous,False,STEP8_1,step8,0.9175,True,False,False,,BIC_phys_primary_bootstrap_phys_frac_tiebreaker_global_raw_bic_override_v49,diagnostic_only,0.474|0.483,2,8.12|28.18,0.27160435964388574,0.0,0.79,0.1275,False,True,"combined-evidence 2P v54 (dBIC=-8.12, oe_ratio=0.272, amp_ratio=1.190)",-8.117901790647409,1.1897994431885497,True,True,False,False
2025 MF76,19.551875773583916,21.82217475728154,214,6.016566296296296,4.051973219954648,0.17446108338628347,0.5589514615738906,0.7097839390221523,0.15083247744826167,1.174314526857532,insufficient,True,STEP8_1,step8,0.495,False,False,False,,BIC_phys_primary_bootstrap_phys_frac_tiebreaker_global_raw_bic_override_v49,diagnostic_only,2.026|2.215|3.733|1.866,4,9.13|28.90|30.02|37.90,0.7308469595803098,0.0,0.3325,0.1625,False,True,"combined-evidence 2P v54 (dBIC=-9.13, oe_ratio=0.731, amp_ratio=1.319)",-9.127445722371647,1.3185407159754146,True,True,False,False
2025 MG17,17.66571888296764,22.758230769230767,272,6.01405619212963,4.276662181069959,0.3538058425857108,0.4609996835529344,0.5924203726111941,0.13142068905825965,1.3852314305926352,insufficient,True,STEP8_1,step8,0.72,False,False,True,4.27666218107,BIC_phys_primary_bootstrap_phys_frac_tiebreaker_global_raw_bic_override_v49,diagnostic_only,2.138|4.697|2.349|3.925,4,0.49|10.04|19.21|32.44,0.2785365746205323,0.0,0.405,0.315,False,True,soft intra-family 2P promotion,-0.48572253578788605,1.0100475947024774,False,False,False,False
2025 MG56,19.632661237931508,22.855151898734178,212,12.047350694444445,0.26447419772848535,0.7108520340147614,0.46709310989536235,0.6349379063146081,0.16784479641924577,1.924601471931931,ambiguous,False,STEP8_1,step8,1.0,False,False,False,,BIC_phys_primary_bootstrap_phys_frac_tiebreaker_global_raw_bic_override_v49,diagnostic_only,0.132,1,0.00,0.18587999959225507,2.616589950490777,0.345,0.655,True,True,morphology-forced 2P (oe_ratio=0.186 <= 0.2),2.616589950490777,1.041160162591742,False,False,False,False
2025 MH40,19.922375910754674,22.561156069364163,362,9.038231203703704,3.4376790632153553,0.680606653104285,0.4176968060621533,0.5337059255760295,0.11600911951387616,1.871727672633006,insufficient,True,STEP8_4,step8,0.5,False,False,False,,BIC_phys_primary_bootstrap_phys_frac_tiebreaker_global_raw_bic_override_v49,diagnostic_only,6.875|4.811|6.010,3,0.00|4.57|7.32,0.49075020579121253,0.0,0.095,0.405,False,False,None,-1.2323394433345811,1.003288514876767,False,False,True,False
2025 MH69,19.80392257318762,23.11620567375886,280,12.040803900462963,6.720448688630491,0.6422017262457937,0.6087476602030435,0.8057958723257315,0.19704821212268797,1.8066777268175571,ambiguous,True,STEP8_1,step8,0.79,False,False,False,,BIC_phys_primary_bootstrap_phys_frac_tiebreaker_global_raw_bic_override_v49,diagnostic_only,3.360|7.821|3.910,3,11.98|23.85|31.65,0.6123118220042322,0.0,0.46,0.33,False,True,"combined-evidence 2P v54 (dBIC=-11.98, oe_ratio=0.612, amp_ratio=1.029)",-11.975994154330863,1.0285546456972134,False,True,False,False
2025 MH75,19.557007535800487,22.667639175257737,398,12.036478206018518,4.22641517109648,0.3893934667176805,0.5890101162060049,0.8625490148961035,0.2735388986900986,1.4313880484138497,reliable,False,STEP8_2,step8,0.895,True,False,False,,BIC_phys_primary_bootstrap_phys_frac_tiebreaker_global_raw_bic_override_v49,diagnostic_only,,0,,0.3026822156808064,0.0,0.895,0.0,False,True,final post-adoption 2P sanity override,-57.55940298779194,1.2256013163773656,True,True,False,False
2025 MH86,18.776259675460754,23.00092233009709,455,12.035501898148148,4.838392722873627,0.5084882677267714,0.4511853503205465,0.595470250451104,0.1442849001305575,1.5973324227688912,insufficient,True,STEP8_1,step8,0.35500000000000004,False,False,False,,BIC_phys_primary_bootstrap_phys_frac_tiebreaker_global_raw_bic_override_v49,diagnostic_only,2.197|4.393|2.419,3,1.74|3.77|26.22,0.2362735856413188,0.0,0.33,0.025,False,True,BIC-dominant 2P physical promotion,-26.217744285324102,1.0806412854530727,False,True,False,False
2025 MJ13,21.77090170937812,23.06160606060606,115,10.02022420138889,4.392427047184171,0.5419940264369094,0.39126109678324283,0.5169621942674674,0.12570109748422453,1.6473944956852917,insufficient,True,STEP8_4,step8,0.3825,False,False,False,,BIC_phys_primary_bootstrap_phys_frac_tiebreaker_global_raw_bic_override_v49,diagnostic_only,2.693|2.419|2.196|4.838|2.011|5.386,6,10.02|16.52|17.47|22.04|25.01|28.65,0.6262811742229665,0.0,0.3725,0.0,False,True,"combined-evidence 2P v54 (dBIC=-17.47, oe_ratio=0.626, amp_ratio=0.991)",-17.4721112777942,0.9905487837844665,False,True,False,False
2025 MJ21,19.52658700821448,22.216645669291342,256,4.07951849537037,1.690992122433314,0.21508875580907294,0.39173792705013,0.4903499603211898,0.09861203327105983,1.2190892518884127,insufficient,True,STEP8_1,step8,0.555,False,False,False,,BIC_phys_primary_bootstrap_phys_frac_tiebreaker_global_raw_bic_override_v49,diagnostic_only,1.819|3.638|3.382|3.938|1.581|1.969,6,1.34|4.80|6.10|12.51|22.74|39.64,0.2927227057240265,6.1014630449775495,0.04,0.515,False,False,None,6.1014630449775495,0.9567776779555702,False,False,False,False
2025 MJ23,18.441702679029103,22.685983050847458,121,2.126335798611111,3.693109544956141,0.7793209516741589,0.595840695016129,0.7626390423156124,0.1667983472994834,2.049879728476034,insufficient,True,STEP8_1,step8,0.3975,False,False,False,,BIC_phys_primary_bootstrap_phys_frac_tiebreaker_global_raw_bic_override_v49,diagnostic_only,7.386|4.343|8.686|3.210,4,2.85|5.12|8.68|33.67,0.2992305132589072,2.8541308676340122,0.2025,0.195,False,False,None,2.8541308676340122,1.0497226643762168,False,False,False,False
2025 MJ30,18.58370899991003,22.824933962264154,271,12.036519594907407,5.603811256600926,0.46648145056417856,0.501824727651055,0.6781904324482291,0.17636570479717406,1.5367123453008062,ambiguous,True,STEP8_3,step8,0.7925,True,False,False,,BIC_phys_primary_bootstrap_phys_frac_tiebreaker_global_raw_bic_override_v49,diagnostic_only,2.802|5.013|2.507,3,16.83|21.62|26.36,0.3046535645909226,0.0,0.665,0.1275,False,True,final post-adoption 2P sanity override,-16.83081207423544,1.0578249030047564,False,True,False,False
2025 MJ71,23.726752033199187,23.44197540983606,253,6.02151019675926,0.03117261534129039,0.38316122808509157,0.5717596631411226,0.7507195109083717,0.17895984776724916,1.423195268481721,reliable,False,STEP8_1,step8,1.0,True,False,False,,BIC_phys_primary_bootstrap_phys_frac_tiebreaker_global_raw_bic_override_v49,diagnostic_only,0.062,1,19.94,0.6332200242950082,19.943833610436513,0.0,1.0,False,False,None,19.943833610436513,0.9886252388349525,False,False,False,False
2025 MJ79,20.792082472790206,23.924323529411765,63,6.011616388888889,0.047365346756764154,0.27078920402618895,0.461720989286615,,,1.2832630267930585,insufficient,True,STEP8_1,step8,0.625,False,False,False,,BIC_phys_primary_bootstrap_phys_frac_tiebreaker_global_raw_bic_override_v49,diagnostic_only,0.095|0.483|0.493|0.956|0.213|0.503,6,1.03|1.25|2.08|3.20|4.43|4.64,,1.0260637680949927,0.0575,0.5675,False,False,None,1.0260637680949927,0.975795049281779,False,False,False,False
2025 MK23,21.023164008414774,22.581416666666666,112,12.043354502314815,6.185691806636403,1.2299400953797286,0.5962174366793178,0.5612010857732876,-0.03501635090603017,3.104388301279913,insufficient,True,STEP8_3,step8,0.3875,False,False,False,,BIC_phys_primary_bootstrap_phys_frac_tiebreaker_global_raw_bic_override_v49,diagnostic_only,5.475,1,9.29,0.24445225213216532,0.0,0.2525,0.135,False,True,BIC-dominant 2P physical promotion,-100.9393422777103,1.1972250120725973,True,True,False,False
2025 MK41,20.133734787139982,22.171035294117647,402,12.045279097222222,0.06276704415716004,0.29091313545633074,0.39034655800045925,0.6048588460544515,0.21451228805399225,1.3072698775894447,reliable,False,STEP8_1,step8,1.0,True,False,False,,BIC_phys_primary_bootstrap_phys_frac_tiebreaker_global_raw_bic_override_v49,diagnostic_only,,0,,0.7781186880065158,0.0,1.0,0.0,False,True,final post-adoption 2P sanity override,-286.58297321573025,1.6212266884573596,True,True,False,False
2025 MK68,19.645834847371926,22.16473611111111,140,2.1263387037037034,2.5015749455337692,0.5962089738231385,0.5652385881476221,0.7552972205440689,0.19005863239644682,1.7317435929753262,ambiguous,True,STEP8_2,step8,0.6325000000000001,False,False,False,,BIC_phys_primary_bootstrap_phys_frac_tiebreaker_global_raw_bic_override_v49,diagnostic_only,5.003|5.577|4.545|4.166,4,13.68|17.49|22.66|32.33,0.8825529745107482,13.679756686623193,0.2025,0.43,False,False,None,13.679756686623193,0.9960572257705252,False,False,False,False
2025 MK83,20.850450369145157,22.772707792207793,333,12.047805902777778,3.0409886941279582,0.48909173872283024,0.5315145752338033,0.6769081406673578,0.14539356543355453,1.569049683053919,ambiguous,False,STEP8_1,step8,0.8125,True,False,False,,BIC_phys_primary_bootstrap_phys_frac_tiebreaker_global_raw_bic_override_v49,diagnostic_only,6.082|2.698,2,17.17|30.42,0.6014411193351988,17.169396245243263,0.0875,0.725,False,False,None,17.169396245243263,1.0563385113725732,False,False,False,False
2025 MK88,18.89906430575845,23.194731707317075,220,12.034087199074074,1.2616735032156292,0.44606244443211523,0.5980945928613011,0.886757178182151,0.28866258532085,1.5080820743066963,insufficient,True,STEP8_4,step8,0.48,False,False,False,,BIC_phys_primary_bootstrap_phys_frac_tiebreaker_global_raw_bic_override_v49,diagnostic_only,2.664|1.332|1.411|1.198|2.397,5,0.00|0.04|26.27|36.20|37.85,0.39827386967054845,,,,False,False,None,,,False,False,False,False
2025 ML10,18.97161400437009,23.201603174603175,271,6.0111391898148145,4.1023888309636645,1.1043621372548487,0.5080734512019873,0.6171585200263756,0.10908506882438829,2.7653165631443675,ambiguous,True,STEP8_3,step8,0.7925000000000001,False,False,False,,BIC_phys_primary_bootstrap_phys_frac_tiebreaker_global_raw_bic_override_v49,diagnostic_only,8.205,1,7.77,,7.771685157510262,0.2325,0.555,False,False,None,7.771685157510262,0.9487074192537112,False,False,False,False
2025 ML17,19.16260798437431,23.279390909090907,241,12.046266296296297,6.723497467700259,0.550017929566894,0.38198818415738245,0.4855616203948898,0.10357343623750737,1.6596143136528394,ambiguous,False,STEP8_1,step8,0.825,False,False,False,,BIC_phys_primary_bootstrap_phys_frac_tiebreaker_global_raw_bic_override_v49,diagnostic_only,3.362,1,37.30,0.5350868569657385,0.0,0.6275,0.1975,False,True,final post-adoption 2P sanity override,-37.29453446310771,1.0735247023781185,False,True,False,False
2025 ML35,20.175116094205052,23.103979591836737,411,12.035021597222222,10.619136703431375,1.1671569981468823,0.5465976937891561,0.8044111898634903,0.2578134960743341,2.9299674743023956,ambiguous,False,STEP8_1,step8,0.935,True,False,False,,BIC_phys_primary_bootstrap_phys_frac_tiebreaker_global_raw_bic_override_v49,diagnostic_only,21.238,1,7.54,0.275281437692587,7.541366326981404,0.295,0.64,False,False,None,7.541366326981404,0.8389012173001293,False,False,False,False
2025 ML52,19.522221794079012,22.90611386138614,428,12.03600789351852,4.618468145187339,0.7250632357022263,0.5347528994253636,0.7910946429692984,0.2563417435439348,1.9499581663708698,ambiguous,False,STEP8_1,step8,0.8725,False,False,False,,BIC_phys_primary_bootstrap_phys_frac_tiebreaker_global_raw_bic_override_v49,diagnostic_only,9.237,1,31.87,0.23144888670693284,31.873095272176897,0.2275,0.645,False,False,None,31.873095272176897,0.8967674401164737,False,False,False,False
2025 ML53,19.14869829666494,22.832045454545458,85,12.043353101851851,4.725457347865576,0.7387688080715579,0.3617823373272486,0.6957765506609164,0.33399421333366774,1.9747290870963585,insufficient,True,STEP8_2,step8,0.0075,False,False,False,,BIC_phys_primary_bootstrap_phys_frac_tiebreaker_global_raw_bic_override_v49,diagnostic_only,2.622|5.243|2.363|2.944|5.888,5,11.24|13.20|16.22|28.68|34.66,,0.0,0.175,0.0075,False,True,BIC-dominant 2P physical promotion,-65.97980244730294,1.0701634953217127,False,False,False,False
2025 MM37,20.297398356811065,22.40195138888889,291,9.02585,3.7002772953736653,0.32150200349197133,0.4650236640261909,0.5629176884276355,0.09789402440144457,1.3446238227454272,ambiguous,False,STEP8_1,step8,0.7425,False,False,False,,BIC_phys_primary_bootstrap_phys_frac_tiebreaker_global_raw_bic_override_v49,diagnostic_only,1.850|3.434,2,22.13|35.99,0.5640653061701985,0.0,0.6075,0.135,False,True,final post-adoption 2P sanity override,-22.129436238811422,1.1128841175458903,False,True,False,False
2025 MM81,22.038631148725827,22.902367816091957,389,9.035825,1.1010440448487413,1.1121855803137501,0.5191016527012273,0.6433831659928018,0.12428151329157444,2.7853144491803343,reliable,False,STEP8_1,step8,1.0,True,False,False,,BIC_phys_primary_bootstrap_phys_frac_tiebreaker_global_raw_bic_override_v49,diagnostic_only,,0,,0.30640030732964507,0.0,1.0,0.0,False,True,final post-adoption 2P sanity override,-179.36005881477956,1.2156102869036363,True,True,False,False
2025 MM82,19.558833660983804,22.956376963350785,408,12.036519594907407,2.5083340400385907,0.8264606021072646,0.7777077106293433,0.8760168377889705,0.09830912715962725,2.1408401489222406,ambiguous,False,STEP8_1,step8,0.815,True,False,False,,BIC_phys_primary_bootstrap_phys_frac_tiebreaker_global_raw_bic_override_v49,diagnostic_only,5.017,1,28.96,0.20288141120438838,28.957257499289085,0.1525,0.6625,False,False,None,28.957257499289085,0.9295412391157317,False,False,False,False
2025 MN25,21.356278828234444,22.952035714285717,318,12.04477730324074,0.3611176205843569,0.36697359184844713,0.3940775810823318,0.5528324127191304,0.1587548316367986,1.4021337294637009,reliable,False,STEP8_1,step8,1.0,True,False,False,,BIC_phys_primary_bootstrap_phys_frac_tiebreaker_global_raw_bic_override_v49,diagnostic_only,,0,,0.4437715370302477,0.0,1.0,0.0,False,True,final post-adoption 2P sanity override,-54.330047735298194,1.1859647014329717,True,True,False,False
2025 MN37,18.397097364661228,22.204711229946525,391,9.034805104166667,3.9859434283088238,0.8807276398008763,0.5568927839826365,0.7151866646624754,0.15829388067983885,2.2505623847392333,ambiguous,True,STEP8_1,step8,0.4175,False,False,False,,BIC_phys_primary_bootstrap_phys_frac_tiebreaker_global_raw_bic_override_v49,diagnostic_only,3.415|4.783|6.829,3,7.00|10.43|34.83,,,,,False,False,None,,,False,False,False,False
2025 MN45,19.444515082716983,22.243,494,12.045791400462964,0.03137095042169292,0.3861674356590481,0.414728455403818,0.58182707836216,0.167098622958342,1.4271412996943664,reliable,False,STEP8_1,step8,1.0,True,False,False,,BIC_phys_primary_bootstrap_phys_frac_tiebreaker_global_raw_bic_override_v49,diagnostic_only,0.063,1,22.48,0.20370415837279085,22.48485664331986,0.005,0.995,False,False,None,22.48485664331986,0.9958606405092542,False,False,False,False
2025 MN7,18.623400398536113,22.998082758620686,347,12.043866203703704,10.55900598680873,0.7202159766536209,0.4516905575114514,0.6626364078759934,0.21094585036454205,1.9412720006035618,ambiguous,False,STEP8_1,step8,0.8799999999999999,True,False,False,,BIC_phys_primary_bootstrap_phys_frac_tiebreaker_global_raw_bic_override_v49,diagnostic_only,,0,,0.28585134193392137,0.0,0.7625,0.1175,False,True,final post-adoption 2P sanity override,-52.79911141093942,0.9793017146935781,False,True,False,False
2025 MO35,18.937020581107042,22.36891304347826,404,12.044313900462964,6.277166853661479,0.4699252300735212,0.5440851404375913,0.7435281573068089,0.19944301686921762,1.541594286405664,ambiguous,True,STEP8_3,step8,0.7075,False,False,False,,BIC_phys_primary_bootstrap_phys_frac_tiebreaker_global_raw_bic_override_v49,diagnostic_only,3.139|3.613,2,23.78|29.50,0.4246760147519784,0.0,0.6125,0.095,False,True,final post-adoption 2P sanity override,-23.777235090243494,1.001938026278297,False,True,False,False
2025 MO39,20.10998727579415,22.844083333333334,122,2.126335798611111,3.5305198165618457,0.9698326398245203,0.38141989564011425,0.4668120592725842,0.08539216363246993,2.4430539405403646,ambiguous,True,STEP8_3,step8,0.7275,False,False,False,,BIC_phys_primary_bootstrap_phys_frac_tiebreaker_global_raw_bic_override_v49,diagnostic_only,7.061|3.084|4.128|4.955|9.909,5,9.70|11.41|20.69|23.08|29.85,0.5461382575738769,9.695089511396588,0.125,0.6025,False,False,None,9.695089511396588,0.9992806786475644,False,False,False,False
2025 MO47,19.042305005228883,23.426807407407406,278,12.03795829861111,9.128309610321221,0.6770262430736291,0.4353556899368449,0.7568577915132835,0.32150210157643855,1.8655654806987043,ambiguous,True,STEP8_2,step8,0.46749999999999997,False,False,False,,BIC_phys_primary_bootstrap_phys_frac_tiebreaker_global_raw_bic_override_v49,diagnostic_only,10.137|4.564|11.286|5.643,4,7.43|21.10|25.02|26.48,0.25567684384204103,0.0,0.41,0.0575,False,True,BIC-dominant 2P physical promotion,-21.10326032876486,0.9599347378042211,False,True,False,False
2025 MO79,20.683002681258284,23.266363636363636,122,12.042841400462963,4.910131474474475,1.273731167456647,0.6230308752276024,0.6793038981244983,0.05627302289689595,3.232157139807989,ambiguous,True,STEP8_1,step8,0.5025,False,False,False,,BIC_phys_primary_bootstrap_phys_frac_tiebreaker_global_raw_bic_override_v49,diagnostic_only,6.177|7.093|5.471|2.735|3.088|3.546,6,6.91|13.27|13.65|28.11|28.51|37.53,0.6302590876467293,0.0,0.4975,0.005,False,True,BIC-dominant 2P physical promotion,-39.33701964224974,2.4475618822823915,True,True,False,False
2025 MP21,18.505195178468117,22.666022222222225,313,12.047805902777778,2.749023991645059,0.49638534565574843,0.4967877401458374,0.7035607196576521,0.20677297951181473,1.5796255083523796,ambiguous,False,STEP8_1,step8,0.895,True,False,False,,BIC_phys_primary_bootstrap_phys_frac_tiebreaker_global_raw_bic_override_v49,diagnostic_only,5.498,1,13.38,0.3689297369065978,13.376519084765789,0.25,0.645,False,False,None,13.376519084765789,1.0335156001384795,False,False,False,False
2025 MP47,19.523339142483373,22.7281975308642,374,12.045285405092592,2.2050865730146625,0.26485412622459253,0.4544979108323517,0.6090338315416943,0.15453592070934263,1.2762673247625398,ambiguous,False,STEP8_1,step8,0.9275,True,False,False,,BIC_phys_primary_bootstrap_phys_frac_tiebreaker_global_raw_bic_override_v49,diagnostic_only,4.410|2.429,2,20.35|28.02,0.290121392671092,20.345946938187467,0.065,0.8625,False,False,None,20.345946938187467,0.9958147857488975,False,False,False,False
2025 MP61,18.95319013542469,23.508751724137934,268,9.034739201388888,2.956823738636363,0.5378739055692432,0.48564491568965806,0.6789066142817326,0.19326169859207454,1.6411548564013048,insufficient,True,STEP8_1,step8,0.875,False,False,True,2.956823738636,BIC_phys_primary_bootstrap_phys_frac_tiebreaker_global_raw_bic_override_v49,diagnostic_only,1.478|1.392|1.576,3,0.00|9.57|27.39,0.450791922121155,0.07323227747940564,0.4725,0.4025,False,True,soft intra-family 2P promotion,0.07323227747940564,1.0740767591183589,False,False,False,True
2025 MP67,19.76244848203794,22.746762376237623,194,4.121013506944444,3.09883,0.6672909539262231,0.6250996196710012,0.8507878042122812,0.22568818454127992,1.8489125977559353,ambiguous,True,STEP8_4,step8,0.5975,False,False,False,,BIC_phys_primary_bootstrap_phys_frac_tiebreaker_global_raw_bic_override_v49,diagnostic_only,2.747|5.495,2,3.30|8.16,0.25319759465042413,299.09460799333465,0.0,0.5975,False,False,None,299.09460799333465,0.9531848150761322,False,False,False,False
2025 MP71,18.87836750466211,22.230380281690145,342,12.046303101851851,9.112389738936646,0.47982224141624236,0.5592374035183063,0.8115805373990668,0.25234313388076046,1.5557109071098543,ambiguous,True,STEP8_1,step8,0.675,False,False,False,,BIC_phys_primary_bootstrap_phys_frac_tiebreaker_global_raw_bic_override_v49,diagnostic_only,4.556,1,33.74,0.22437534959601338,0.0,0.5675,0.1075,False,True,BIC-dominant 2P physical promotion,-33.740105336266765,0.9946354719991818,False,True,False,False
2025 MQ58,18.90586842968232,23.109311111111108,290,12.046303101851851,1.4473655791962172,0.3849579166476378,0.5877429868109729,0.7803120202107259,0.19256903339975295,1.4255523378377148,ambiguous,False,STEP8_1,step8,0.9225000000000001,True,False,False,,BIC_phys_primary_bootstrap_phys_frac_tiebreaker_global_raw_bic_override_v49,diagnostic_only,2.895|1.364|1.541,3,6.71|26.86|29.26,0.4301130755792418,6.70959282265693,0.1275,0.795,False,False,None,6.70959282265693,0.9520892911545432,False,False,False,False
2025 MR33,18.896700723804162,22.395800995024878,465,12.040355104166666,3.495586965725806,0.2642275144085099,0.6604597552112139,0.8774890533251778,0.21702929811396388,1.2755309640753603,reliable,False,STEP8_1,step8,0.86,True,False,False,,BIC_phys_primary_bootstrap_phys_frac_tiebreaker_global_raw_bic_override_v49,diagnostic_only,,0,,0.42571459013892976,0.0,0.855,0.005,False,True,final post-adoption 2P sanity override,-65.92000756741515,1.2001381298750824,True,True,False,False
2025 MS34,18.832766834991702,23.050857142857144,292,6.012609097222222,2.315015267379679,0.4483641370643726,0.6009966783927894,0.7435659357927733,0.14256925739998394,1.5112825048407184,insufficient,True,STEP8_1,step8,0.8775000000000001,False,False,True,2.31501526738,BIC_phys_primary_bootstrap_phys_frac_tiebreaker_global_raw_bic_override_v49,diagnostic_only,1.158|1.215|1.105,3,1.38|23.01|35.91,0.26482481680457215,0.0,0.535,0.3425,False,True,soft intra-family 2P promotion,-1.3785680768638713,1.00613398909396,False,False,False,False
2025 MS7,19.01751441605246,23.035107142857147,114,2.126335798611111,4.5564338541666665,0.6571851340672414,0.48504113475693345,0.5952182504421515,0.11017711568521804,1.8317831241246605,ambiguous,False,STEP8_1,step8,0.805,False,False,False,,BIC_phys_primary_bootstrap_phys_frac_tiebreaker_global_raw_bic_override_v49,diagnostic_only,2.278|2.083|5.035|2.517|4.166,5,0.00|15.08|15.29|16.05|18.93,0.18026242797358277,7.475922195497958,0.2025,0.6025,True,True,morphology-forced 2P (oe_ratio=0.180 <= 0.2),7.475922195497958,0.9737433358429788,False,False,False,False
2025 MT24,18.425920986986505,22.145672222222224,375,9.036760196759259,4.448866558404558,1.0759757654857933,0.4655814531222582,0.5874847193105808,0.12190326618832259,2.693954809132506,ambiguous,False,STEP8_1,step8,0.82,True,False,False,,BIC_phys_primary_bootstrap_phys_frac_tiebreaker_global_raw_bic_override_v49,diagnostic_only,,0,,0.38981384882689013,198.82290163178186,0.0525,0.7675,False,False,None,198.82290163178186,0.9251072494644091,False,False,False,False
2025 MU10,21.419079729814367,22.318950738916254,446,6.104584803240741,6.463678026960784,0.4344604717197693,0.5139597362582968,0.6568249092007221,0.1428651729424253,1.4920527886238315,reliable,False,STEP8_1,step8,0.9075,True,False,False,,BIC_phys_primary_bootstrap_phys_frac_tiebreaker_global_raw_bic_override_v49,diagnostic_only,,0,,0.5129207081788757,0.0,0.885,0.0225,False,True,final post-adoption 2P sanity override,-98.48489127032019,1.119700736642584,False,True,False,False
2025 MU15,22.496942234803587,23.525617647058823,181,12.046822905092592,0.20153614228511244,0.426467075044333,0.4839775574089096,0.7279310595112882,0.24395350210237865,1.4811083488496757,ambiguous,False,STEP8_1,step8,0.9875,True,False,False,,BIC_phys_primary_bootstrap_phys_frac_tiebreaker_global_raw_bic_override_v49,diagnostic_only,0.400,1,14.11,0.5145594707180138,14.113967588780895,0.15,0.8375,False,False,None,14.113967588780895,0.9282867031281727,False,False,False,False
2025 MU24,19.22877489745949,22.79065071770335,457,9.028947905092593,1.1074689082907438,0.2434563734043793,0.6252686300995407,0.7780122733869987,0.15274364328745804,1.2513608091383497,ambiguous,True,STEP8_1,step8,0.8775,False,False,False,,BIC_phys_primary_bootstrap_phys_frac_tiebreaker_global_raw_bic_override_v49,diagnostic_only,2.215|1.058|1.162,3,2.15|21.51|26.91,0.25120383269825264,2.1459678777549698,0.355,0.5225,False,False,None,2.1459678777549698,0.9877123394598788,False,False,False,False
2025 MU59,19.76163076167488,21.996238317757008,480,12.045791400462964,4.092778545331045,0.6189706196187484,0.6202960930872656,0.8372921638318829,0.21699607074461724,1.7684315232916656,ambiguous,False,STEP8_1,step8,0.7424999999999999,False,False,False,,BIC_phys_primary_bootstrap_phys_frac_tiebreaker_global_raw_bic_override_v49,diagnostic_only,,0,,0.6225216651359613,134.34016019106798,0.115,0.6275,False,False,None,134.34016019106798,0.9230769612734905,False,False,False,False
2025 MU8,19.612030805422933,23.216436090225564,276,12.039847002314815,0.823120148285303,0.5436547241957675,0.4512006430689439,0.6124434185128145,0.16124277544387056,1.6499162110934296,reliable,False,STEP8_1,step8,0.9925,True,False,False,,BIC_phys_primary_bootstrap_phys_frac_tiebreaker_global_raw_bic_override_v49,diagnostic_only,0.412,1,26.47,0.4267953301157745,0.0,0.9925,0.0,False,True,final post-adoption 2P sanity override,-26.470302163689553,1.1129671103673435,False,True,False,False
2025 MU9,18.88378792892391,22.722748427672958,324,6.014076006944444,4.885906600846263,0.9642595801284947,0.47188205260419736,0.5797283510915427,0.1078462984873454,2.430545928350102,ambiguous,False,STEP8_1,step8,0.9275,True,False,False,,BIC_phys_primary_bootstrap_phys_frac_tiebreaker_global_raw_bic_override_v49,diagnostic_only,2.443,1,13.86,0.7915190425019513,0.0,0.7875,0.14,False,True,final post-adoption 2P sanity override,-13.861918364632288,1.5781312999308608,True,True,False,False
2025 MV19,18.673422440102954,22.60424770642201,237,6.010675092592592,3.7179433562428406,0.7874919451020521,0.45337283911241144,0.6601456204159746,0.20677278130356314,2.0653648331524157,reliable,False,STEP8_1,step8,0.9,True,False,False,,BIC_phys_primary_bootstrap_phys_frac_tiebreaker_global_raw_bic_override_v49,diagnostic_only,7.436,1,16.90,0.12889840189815327,16.898450926853627,0.0,0.895,False,False,None,16.898450926853627,0.9704922190856468,False,False,False,False
2025 MV31,19.262975156463305,22.98010071942446,277,6.018985104166667,2.8996570574817517,0.6194153010767482,0.5415569647237284,0.6957537546122907,0.15419678988856234,1.769155962401302,ambiguous,False,STEP8_2,step8,0.8375,True,False,False,,BIC_phys_primary_bootstrap_phys_frac_tiebreaker_global_raw_bic_override_v49,diagnostic_only,2.588|5.799|5.176,3,9.88|12.33|25.97,0.2218433507076802,12.329776482658588,0.0675,0.77,False,False,None,12.329776482658588,1.077870586343829,False,False,False,False
2025 MV38,18.401574018669372,22.912655462184876,241,6.010703310185185,3.000143073367995,0.5970714520276511,0.658554573771962,0.8910414596034038,0.23248688583144173,1.733119787753234,ambiguous,False,STEP8_1,step8,0.6925,True,False,False,,BIC_phys_primary_bootstrap_phys_frac_tiebreaker_global_raw_bic_override_v49,diagnostic_only,6.000|4.802|3.435,3,13.77|31.72|32.86,0.6611062707123645,13.773834556228337,0.0,0.6925,False,False,None,13.773834556228337,1.03205785377576,False,False,False,False
2025 MV4,20.3582251047975,23.35577325581395,342,12.047805902777778,5.2652019726858885,0.5550952613039137,0.4658563416689958,0.6908114043869276,0.22495506271793175,1.6673935014105943,insufficient,True,STEP8_5,step8,0.4675,False,False,True,5.265201972686,BIC_phys_primary_bootstrap_phys_frac_tiebreaker_global_raw_bic_override_v49,diagnostic_only,2.633|5.913|4.743|2.957|6.748,5,1.34|2.77|21.05|29.78|39.85,0.34745800764580465,0.0,0.4025,0.065,False,True,soft intra-family 2P promotion,-1.336294607053219,1.0242610358927082,False,False,False,False
2025 MV46,18.355280777945172,22.474299539170506,479,12.045279097222222,3.406484929476879,0.1963402948267464,0.4999830353486132,0.7030832750025446,0.20310023965393142,1.1982187684416512,insufficient,True,STEP8_5,step8,0.35000000000000003,False,False,False,,BIC_phys_primary_bootstrap_phys_frac_tiebreaker_global_raw_bic_override_v49,diagnostic_only,3.974|1.834|3.669|1.703|12.215,5,0.90|10.45|11.56|13.59|34.70,0.4703921667902319,0.0,0.33,0.02,False,True,"combined-evidence 2P v54 (dBIC=-13.59, oe_ratio=0.470, amp_ratio=1.202)",-13.592584563242099,1.202168483015195,True,True,False,False
2025 MV71,18.81140007351331,22.741541666666667,319,12.047350694444445,0.2137576842081681,0.5583725293547177,0.41785373916200896,0.5805687586400587,0.16271501947804978,1.6724340913376834,reliable,False,STEP8_1,step8,1.0,True,False,False,,BIC_phys_primary_bootstrap_phys_frac_tiebreaker_global_raw_bic_override_v49,diagnostic_only,,0,,0.5571685536769849,0.0,1.0,0.0,False,True,final post-adoption 2P sanity override,-215.67688404821382,1.3936304084698103,True,True,False,False
2025 MW70,19.01789911762034,22.44681203007519,259,6.010675092592592,3.5860298857501567,0.24535692261104408,0.5753163462287674,0.8300747478251473,0.25475840159637997,1.2535531976263776,insufficient,False,STEP8_1,step8,0.1925,False,False,False,,BIC_phys_primary_bootstrap_phys_frac_tiebreaker_global_raw_bic_override_v49,diagnostic_only,3.877|3.335|1.793,3,0.00|17.96|36.83,0.5351480301830034,1.319031848095392,0.1775,0.015,False,True,BIC-dominant 2P physical promotion,-35.505912757484,1.1687823109330524,True,True,False,False
2025 MX34,19.96635665887932,22.365927710843373,174,2.128767800925926,5.854111452546297,1.4671477279694263,0.6257249787489876,0.8084390101801091,0.18271403143112153,3.8624163887229415,ambiguous,True,STEP8_3,step8,0.635,False,False,False,,BIC_phys_primary_bootstrap_phys_frac_tiebreaker_global_raw_bic_override_v49,diagnostic_only,6.635|2.927|3.318,3,17.08|19.65|35.04,0.11741761285613721,0.0,0.51,0.125,True,True,morphology-forced 2P (oe_ratio=0.117 <= 0.2),-19.646299349679794,1.8995304857060433,True,True,False,False
2025 MX44,18.43934665979905,23.210670212765955,436,12.047299907407409,1.1507868568269763,0.3552631394917417,0.40730647718662993,0.553384596803383,0.1460781196167531,1.3870919643400175,reliable,False,STEP8_4,step8,0.995,True,False,False,,BIC_phys_primary_bootstrap_phys_frac_tiebreaker_global_raw_bic_override_v49,diagnostic_only,,0,,0.49105208973354164,,,,False,False,None,,,False,False,False,False
2025 MX50,20.486134379813045,22.138484375,424,12.033460300925926,1.9437109179285845,0.245484679453279,0.6238484490197322,0.8222370267897148,0.19838857776998253,1.2537007099042836,ambiguous,True,STEP8_3,step8,0.6300000000000001,False,False,False,,BIC_phys_primary_bootstrap_phys_frac_tiebreaker_global_raw_bic_override_v49,diagnostic_only,3.887,1,27.78,0.3356065343895772,27.778948094702628,0.07,0.56,False,False,None,27.778948094702628,0.9034534567821854,False,False,False,False
2025 MX63,19.851557324266125,23.218027777777777,316,9.035738090277777,4.143777977707005,0.48078590069982297,0.5833836361124121,0.7927350659502643,0.20935142983785227,1.5570923115014126,reliable,False,STEP8_1,step8,0.7425,True,False,False,,BIC_phys_primary_bootstrap_phys_frac_tiebreaker_global_raw_bic_override_v49,diagnostic_only,,0,,0.590463376773096,,,,False,False,None,,,False,False,False,False
2025 MX69,19.945891577750764,22.51384693877551,196,4.118531296296296,9.110115309779827,0.8496657859539605,0.5031541099624945,0.4624945978777433,-0.04065951208475127,2.187088285310279,insufficient,True,STEP8_1,step8,0.27,False,False,False,,BIC_phys_primary_bootstrap_phys_frac_tiebreaker_global_raw_bic_override_v49,diagnostic_only,3.839|4.555|7.677,3,18.08|19.83|23.14,0.156206427615689,0.0,0.15,0.12,True,True,morphology-forced 2P (oe_ratio=0.156 <= 0.2),-19.828850595827134,1.079297519643426,False,True,False,False
2025 MY23,19.575932702570206,22.09759649122807,168,12.043866203703704,3.269211561420044,0.2946947690494563,0.5364011012172725,0.7446470868025123,0.20824598558523988,1.311831054610475,ambiguous,True,STEP8_2,step8,0.38,False,False,False,,BIC_phys_primary_bootstrap_phys_frac_tiebreaker_global_raw_bic_override_v49,diagnostic_only,1.635|1.529,2,28.07|28.98,0.40396218050831323,0.0,0.35,0.03,False,True,BIC-dominant 2P physical promotion,-28.069254854927294,1.0358070464020095,False,True,False,False
2025 MY77,18.764365809047632,22.50538524590164,249,6.020053900462963,7.64451288947678,1.0826934318558994,0.6013571650350151,0.855487485448382,0.2541303204133669,2.7106745153905742,ambiguous,False,STEP8_1,step8,0.9575,True,False,False,,BIC_phys_primary_bootstrap_phys_frac_tiebreaker_global_raw_bic_override_v49,diagnostic_only,,0,,0.2594129936990464,0.0,0.82,0.1375,False,True,final post-adoption 2P sanity override,-40.42490023811979,1.0427000244090823,False,True,False,False
2025 MZ78,18.243159745668265,23.205214285714288,167,4.125476597222223,1.1977190120967742,0.5504960950521397,0.4669792705694249,0.6008398972722375,0.13386062670281262,1.6603453798663597,reliable,False,STEP8_1,step8,0.2125,True,False,False,,BIC_phys_primary_bootstrap_phys_frac_tiebreaker_global_raw_bic_override_v49,diagnostic_only,0.584|0.599|0.571|0.614,4,10.77|12.09|34.80|35.24,0.3531731708129095,0.0,0.7875,0.2125,False,True,"combined-evidence 2P v54 (dBIC=-10.77, oe_ratio=0.353, amp_ratio=1.268)",-10.77446022925372,1.268008783996449,True,True,False,False
